Top pages,Clicks,Impressions,CTR,Position
https://www.360degreecare.net/,13,375,3.47%,10.01
https://www.360degreecare.net/services/companion-care,1,173,0.58%,41.86
https://www.360degreecare.net/contact,1,67,1.49%,10.06
https://www.360degreecare.net/services/nursing,1,21,4.76%,3.86
https://www.360degreecare.net/services/elder-care,1,17,5.88%,9.59
https://www.360degreecare.net/services/home-health-aides,1,10,10%,11.8
https://www.360degreecare.net/about,0,108,0%,9.73
https://www.360degreecare.net/services/personal-care,0,103,0%,47.17
https://www.360degreecare.net/wisdom-vault,0,36,0%,3
https://www.360degreecare.net/services,0,33,0%,2.94
https://www.360degreecare.net/services/companion-care/passaic-county/paterson,0,18,0%,67.72
https://www.360degreecare.net/faq,0,17,0%,3.71
https://www.360degreecare.net/personal-care-bergen-county,0,17,0%,53.65
https://www.360degreecare.net/blog/navigating-senior-care-in-home-care-new-jersey,0,11,0%,6.27
https://www.360degreecare.net/services/staffing,0,11,0%,7
https://www.360degreecare.net/services/personal-care/monmouth-county/freehold,0,5,0%,7.2
https://www.360degreecare.net/services/staffing/bergen-county/paramus,0,5,0%,7.6
https://www.360degreecare.net/blog/senior-home-safety-checklist-nj,0,5,0%,9.6
https://www.360degreecare.net/companion-care-bergen-county,0,4,0%,23.5
https://www.360degreecare.net/services/personal-care/pompton-lakes,0,4,0%,34.5
https://www.360degreecare.net/privacy-policy,0,3,0%,7
https://www.360degreecare.net/services/companion-care/passaic-county/totowa,0,3,0%,9
https://www.360degreecare.net/services/nursing/passaic-county/clifton,0,2,0%,4.5
https://www.360degreecare.net/nondiscrimination,0,2,0%,5.5
https://www.360degreecare.net/blog/north-jersey-caregiver-roadmap,0,2,0%,7
https://www.360degreecare.net/blog/generation-s-sandwich-caregiving,0,2,0%,11
https://www.360degreecare.net/services/companion-care/passaic-county/wayne,0,2,0%,18.5
https://www.360degreecare.net/services/elder-care/hawthorne,0,2,0%,25.5
https://www.360degreecare.net/services/home-health-aides/maywood,0,2,0%,25.5
https://www.360degreecare.net/blog,0,1,0%,3
https://www.360degreecare.net/services/personal-care/woodcliff-lake,0,1,0%,7
https://www.360degreecare.net/legal-disclaimer,0,1,0%,10
https://www.360degreecare.net/bergen-county/teaneck,0,1,0%,11
https://www.360degreecare.net/services/home-health-aides/bloomingdale,0,1,0%,29