Top queries,Clicks,Impressions,CTR,Position
360 degree care,5,20,25%,1.45
360 healthcare,1,8,12.5%,8.38
360 home health services,1,7,14.29%,10.29
360 nursing agency,1,1,100%,4
companion care,0,94,0%,37.26
personal care services,0,75,0%,54.75
companion home care,0,43,0%,54.05
360 care,0,29,0%,22.52
360care,0,24,0%,8.5
360 home care,0,16,0%,10.44
personal care services in paterson nj,0,15,0%,79.47
360 degrees,0,10,0%,7.6
senior+personal+assistance+mountainside+nj,0,10,0%,36.8
companionship care paramus nj,0,7,0%,76.14
24 hour home care ridgewood,0,6,0%,1.67
companion care services,0,6,0%,46.33
caregiver,0,5,0%,2.2
homecare 360,0,5,0%,46.6
companion services,0,5,0%,48.2
home care services,0,4,0%,1
private duty nursing,0,4,0%,1
24 hour home care,0,4,0%,6
ridgewood home care,0,4,0%,37.75
elderly care bergen county nj,0,4,0%,67
senior care in bergen county,0,4,0%,68
360 health care,0,4,0%,72.25
360 degree,0,3,0%,7
senior caregiving bergen county nj,0,3,0%,45.67
elderly care ridgewood nj,0,3,0%,86
caregiver service,0,2,0%,1
360 services,0,2,0%,8
360 healthcare staffing,0,2,0%,9.5
companion care in wayne county,0,2,0%,18.5
senior home care,0,2,0%,21
senior personal assistance mountainside nj,0,2,0%,39
senior caregiving ridgewood nj,0,2,0%,43.5
personal care services at home,0,2,0%,90
360 care phone number,0,1,0%,1
360 degree healthcare,0,1,0%,1
360 degree service,0,1,0%,1
360 degree services,0,1,0%,1
care 360 home care,0,1,0%,1
caregivers,0,1,0%,1
home care 360,0,1,0%,1
home care after surgery,0,1,0%,1
home health care services,0,1,0%,1
360 degrees healthcare,0,1,0%,2
360 care llc,0,1,0%,3
360 care locations,0,1,0%,3
degrees,0,1,0%,6
home health aide,0,1,0%,8
360 degree support,0,1,0%,13
concierge service browntown nj,0,1,0%,21
home health care ridgewood nj,0,1,0%,31
home health agency jobs near me,0,1,0%,32
concierge home health care,0,1,0%,55
what is 360 care,0,1,0%,56
360 chestnut st passaic nj 07055,0,1,0%,70